{
	"$schema": "http://json-schema.org/draft-04/schema#",
	"$ref": "#/definitions/RequestParams",
	"title": "RequestParams",
	"definitions": {
		"Configure": {
			"properties": {
				"upWithLocalStore": {
					"type": "boolean"
				},
				"multipartUpload": {
					"type": "boolean"
				}
			},
			"additionalProperties": false,
			"type": "object"
		},
		"Credentials": {
			"required": [
				"accessKey",
				"secretKey"
			],
			"properties": {
				"accessKey": {
					"type": "string"
				},
				"secretKey": {
					"type": "string"
				}
			},
			"additionalProperties": false,
			"type": "object"
		},
		"Destination": {
			"required": [
				"storage",
				"filePath",
				"bucket",
				"region",
				"credentials"
			],
			"properties": {
				"storage": {
					"type": "string"
				},
				"filePath": {
					"type": "string"
				},
				"bucket": {
					"type": "string"
				},
				"region": {
					"type": "string"
				},
				"credentials": {
					"$ref": "#/definitions/Credentials"
				}
			},
			"additionalProperties": false,
			"type": "object"
		},
		"Hash": {
			"required": [
				"algorithm"
			],
			"properties": {
				"algorithm": {
					"type": "string"
				},
				"hash": {
					"type": "string"
				}
			},
			"additionalProperties": false,
			"type": "object"
		},
		"RequestParams": {
			"required": [
				"source",
				"destination"
			],
			"properties": {
				"source": {
					"$schema": "http://json-schema.org/draft-04/schema#",
					"$ref": "#/definitions/Source"
				},
				"destination": {
					"$schema": "http://json-schema.org/draft-04/schema#",
					"$ref": "#/definitions/Destination"
				},
				"options": {
					"patternProperties": {
						".*": {
							"type": "string"
						}
					},
					"type": "object"
				},
				"hash": {
					"$schema": "http://json-schema.org/draft-04/schema#",
					"$ref": "#/definitions/Hash"
				},
				"configure": {
					"$schema": "http://json-schema.org/draft-04/schema#",
					"$ref": "#/definitions/Configure"
				}
			},
			"additionalProperties": false,
			"type": "object"
		},
		"Source": {
			"required": [
				"storage",
				"filePath",
				"bucket",
				"region"
			],
			"properties": {
				"storage": {
					"type": "string"
				},
				"filePath": {
					"type": "string"
				},
				"bucket": {
					"type": "string"
				},
				"region": {
					"type": "string"
				},
				"credentials": {
					"$schema": "http://json-schema.org/draft-04/schema#",
					"$ref": "#/definitions/Credentials"
				}
			},
			"additionalProperties": false,
			"type": "object"
		}
	}
}